{
    "Day01Spec": 9.096178,
    "Day02Spec": 43.814566000000006,
    "Day03Spec": 91.10943,
    "Day04Spec": 101.34803600000001,
    "Day05Spec": 23.584505,
    "Day06Spec": 34.45364,
    "Day07Spec": 85.29319,
    "_all": 388.699545
}