{
    "Day01Spec": 3.6813140000000004,
    "Day02Spec": 42.690547,
    "Day03Spec": 98.167128,
    "Day04Spec": 114.644884,
    "Day05Spec": 29.669301,
    "Day06Spec": 33.667983,
    "Day07Spec": 85.708804,
    "Day08Spec": 42.529751000000005,
    "_all": 450.75971200000004
}