{
    "Day01Spec": 38.028763,
    "Day02Spec": 73.02480299999999,
    "Day03Spec": 32.622094000000004,
    "Day04Spec": 31.351276,
    "Day05Spec": 109.359843,
    "Day06Spec": 32.547517,
    "Day07Spec": 18.873574,
    "Day08Spec": 43.280006,
    "Day09Spec": 90.082899,
    "_all": 469.17077500000005
}