{
    "Day01Spec": 68.92481000000001,
    "Day02Spec": 74.570688,
    "Day03Spec": 58.447246,
    "Day04Spec": 33.605304,
    "Day05Spec": 96.182786,
    "Day06Spec": 32.905255999999994,
    "_all": 364.63608999999997
}