{
    "Day01Spec": 9.151224,
    "Day02Spec": 14.524447,
    "Day03Spec": 36.036001999999996,
    "Day04Spec": 46.584237,
    "Day05Spec": 51.851438,
    "Day06Spec": 762.525471,
    "Day07Spec": 24.616025999999998,
    "Day08Spec": 67.022398,
    "Day09Spec": 34.890911,
    "Day11Spec": 53.913244,
    "_all": 1101.1153980000001
}