{
    "Day01Spec": 10.843081999999999,
    "Day02Spec": 15.292462,
    "Day03Spec": 30.793775999999998,
    "Day04Spec": 41.663534999999996,
    "Day05Spec": 40.824111,
    "Day06Spec": 792.040759,
    "_all": 931.457725
}