{
    "Day01Spec": 27.186794,
    "Day02Spec": 28.409878,
    "Day03Spec": 53.683452,
    "Day04Spec": 68.459077,
    "_all": 177.73920099999998
}