{"Day01":11.337747,"Day02":9.969096,"Day03":27.135202,"Day04":33.9134}