{
    "Day01Spec": 13.332515,
    "Day02Spec": 44.540394,
    "Day03Spec": 95.213688,
    "Day04Spec": 110.674143,
    "Day05Spec": 24.352397,
    "Day06Spec": 34.020288,
    "Day07Spec": 101.56346099999999,
    "_all": 423.69688599999995
}