{
    "Day01Spec": 14.041397,
    "Day02Spec": 16.969032,
    "Day03Spec": 41.872321,
    "Day04Spec": 42.134731,
    "Day05Spec": 55.393422,
    "Day06Spec": 814.164216,
    "Day07Spec": 31.668609,
    "Day08Spec": 60.742183999999995,
    "Day09Spec": 34.534679,
    "_all": 1111.5205910000002
}