{
    "Day01Spec": 10.744124,
    "Day02Spec": 13.374578,
    "Day03Spec": 33.157861,
    "Day04Spec": 55.066254,
    "Day05Spec": 38.86765,
    "_all": 151.210467
}