{
    "Day01Spec": 20.517056,
    "Day02Spec": 19.749793,
    "Day03Spec": 64.267194,
    "Day04Spec": 81.538514,
    "_all": 186.07255700000002
}