{
    "Day01Spec": 21.65863,
    "Day02Spec": 31.111803,
    "Day03Spec": 54.517638000000005,
    "Day04Spec": 71.86813699999999,
    "_all": 179.156208
}