{
    "Day01Spec": 5.973663,
    "Day02Spec": 71.633783,
    "Day03Spec": 28.441837999999997,
    "Day04Spec": 37.920293,
    "Day05Spec": 101.732166,
    "Day06Spec": 31.899505,
    "Day07Spec": 49.36112,
    "Day08Spec": 42.159437,
    "Day09Spec": 87.489687,
    "_all": 456.611492
}