{
    "Day01Spec": 9.423349,
    "Day02Spec": 43.485389,
    "Day03Spec": 93.819082,
    "Day04Spec": 27.550338,
    "Day05Spec": 101.138991,
    "Day06Spec": 32.618254,
    "Day07Spec": 19.437783,
    "Day08Spec": 41.789138,
    "Day09Spec": 93.84916799999999,
    "_all": 463.111492
}